year_month,data
1987-02-01,100.0
1987-03-01,100.1
1987-04-01,100.1
1987-05-01,100.1
1987-06-01,100.1
1987-07-01,101.1
1987-08-01,101.1
1987-09-01,101.1
1987-10-01,101.1
1987-11-01,101.1
1987-12-01,101.1
1988-01-01,107.1
1988-02-01,107.1
1988-03-01,107.1
1988-04-01,107.1
1988-05-01,107.8
1988-06-01,107.8
1988-07-01,107.8
1988-08-01,107.8
1988-09-01,107.8
1988-10-01,107.8
1988-11-01,107.8
1988-12-01,107.8
1989-01-01,117.4
1989-02-01,117.4
1989-03-01,117.4
1989-04-01,117.4
1989-05-01,117.4
1989-06-01,117.4
1989-07-01,117.4
1989-08-01,117.4
1989-09-01,117.4
1989-10-01,117.4
1989-11-01,117.4
1989-12-01,117.4
1990-01-01,117.4
1990-02-01,128.3
1990-03-01,128.3
1990-04-01,128.3
1990-05-01,128.2
1990-06-01,128.2
1990-07-01,128.2
1990-08-01,128.2
1990-09-01,128.2
1990-10-01,129.7
1990-11-01,129.7
1990-12-01,129.7
1991-01-01,140.3
1991-02-01,140.3
1991-03-01,140.3
1991-04-01,140.3
1991-05-01,141.2
1991-06-01,141.2
1991-07-01,141.2
1991-08-01,141.2
1991-09-01,141.2
1991-10-01,141.7
1991-11-01,141.7
1991-12-01,141.8
1992-01-01,150.7
1992-02-01,150.7
1992-03-01,150.7
1992-04-01,150.8
1992-05-01,151.3
1992-06-01,151.2
1992-07-01,151.2
1992-08-01,151.2
1992-09-01,151.2
1992-10-01,152.2
1992-11-01,152.2
1992-12-01,152.2
1993-01-01,161.6
1993-02-01,161.6
1993-03-01,161.6
1993-04-01,161.6
1993-05-01,161.9
1993-06-01,161.9
1993-07-01,161.9
1993-08-01,161.9
1993-09-01,161.9
1993-10-01,162.2
1993-11-01,162.2
1993-12-01,162.2
1994-01-01,168.5
1994-02-01,168.5
1994-03-01,168.5
1994-04-01,168.5
1994-05-01,168.5
1994-06-01,169.3
1994-07-01,169.5
1994-08-01,169.5
1994-09-01,169.5
1994-10-01,169.7
1994-11-01,169.7
1994-12-01,169.7
1995-01-01,171.8
1995-02-01,177.0
1995-03-01,177.0
1995-04-01,177.0
1995-05-01,177.0
1995-06-01,177.0
1995-07-01,177.0
1995-08-01,177.0
1995-09-01,177.1
1995-10-01,177.1
1995-11-01,177.1
1995-12-01,177.1
1996-01-01,183.0
1996-02-01,183.0
1996-03-01,183.0
1996-04-01,183.1
1996-05-01,183.1
1996-06-01,183.1
1996-07-01,183.1
1996-08-01,183.1
1996-09-01,183.1
1996-10-01,183.6
1996-11-01,183.6
1996-12-01,183.6
1997-01-01,185.5
1997-02-01,187.5
1997-03-01,187.5
1997-04-01,187.7
1997-05-01,187.7
1997-06-01,187.7
1997-07-01,187.7
1997-08-01,187.7
1997-09-01,187.7
1997-10-01,187.7
1997-11-01,187.7
1997-12-01,187.7
1998-01-01,194.2
1998-02-01,194.2
1998-03-01,194.2
1998-04-01,194.4
1998-05-01,194.5
1998-06-01,195.5
1998-07-01,196.2
1998-08-01,196.2
1998-09-01,195.5
1998-10-01,195.7
1998-11-01,195.7
1998-12-01,195.7
1999-01-01,200.9
1999-02-01,201.7
1999-03-01,201.3
1999-04-01,202.4
1999-05-01,202.4
1999-06-01,202.6
1999-07-01,202.7
1999-08-01,202.7
1999-09-01,202.7
1999-10-01,202.7
1999-11-01,202.7
1999-12-01,203.1
2000-01-01,205.5
2000-02-01,205.5
2000-03-01,205.5
2000-04-01,205.7
2000-05-01,205.8
2000-06-01,205.6
2000-07-01,206.3
2000-08-01,206.1
2000-09-01,206.2
2000-10-01,205.4
2000-11-01,205.6
2000-12-01,205.9
2001-01-01,212.0
2001-02-01,212.0
2001-03-01,212.0
2001-04-01,213.6
2001-05-01,213.7
2001-06-01,213.7
2001-07-01,213.5
2001-08-01,214.8
2001-09-01,214.8
2001-10-01,214.8
2001-11-01,214.8
2001-12-01,214.8
2002-01-01,217.5
2002-02-01,217.6
2002-03-01,217.5
2002-04-01,218.3
2002-05-01,218.6
2002-06-01,219.3
2002-07-01,219.3
2002-08-01,219.5
2002-09-01,218.8
2002-10-01,218.8
2002-11-01,218.8
2002-12-01,218.8
2003-01-01,221.0
2003-02-01,221.1
2003-03-01,219.9
2003-04-01,221.1
2003-05-01,225.2
2003-06-01,223.8
2003-07-01,224.9
2003-08-01,224.1
2003-09-01,222.6
2003-10-01,222.4
2003-11-01,221.4
2003-12-01,220.5
2004-01-01,225.5
2004-02-01,228.1
2004-03-01,226.8
2004-04-01,231.4
2004-05-01,230.8
2004-06-01,233.1
2004-07-01,233.4
2004-08-01,232.4
2004-09-01,232.3
2004-10-01,230.5
2004-11-01,232.9
2004-12-01,233.0
2005-01-01,242.0
2005-02-01,242.0
2005-03-01,237.2
2005-04-01,239.8
2005-05-01,237.9
2005-06-01,240.9
2005-07-01,240.1
2005-08-01,240.5
2005-09-01,239.1
2005-10-01,240.1
2005-11-01,241.4
2005-12-01,240.7
2006-01-01,245.1
2006-02-01,248.0
2006-03-01,247.9
2006-04-01,252.0
2006-05-01,251.3
2006-06-01,250.5
2006-07-01,251.8
2006-08-01,254.1
2006-09-01,248.0
2006-10-01,247.6
2006-11-01,250.9
2006-12-01,249.4
2007-01-01,257.4
2007-02-01,261.9
2007-03-01,260.6
2007-04-01,262.6
2007-05-01,262.1
2007-06-01,262.7
2007-07-01,263.6
2007-08-01,265.0
2007-09-01,264.8
2007-10-01,263.3
2007-11-01,263.3
2007-12-01,263.2
2008-01-01,272.0
2008-02-01,273.5
2008-03-01,273.1
2008-04-01,275.5
2008-05-01,274.9
2008-06-01,273.7
2008-07-01,275.0
2008-08-01,275.1
2008-09-01,272.9
2008-10-01,273.6
2008-11-01,273.2
2008-12-01,274.1
2009-01-01,287.0
2009-02-01,288.9
2009-03-01,288.3
2009-04-01,289.0
2009-05-01,288.6
2009-06-01,285.8
2009-07-01,291.4
2009-08-01,290.3
2009-09-01,287.6
2009-10-01,287.6
2009-11-01,287.8
2009-12-01,289.6
2010-01-01,307.1
2010-02-01,312.0
2010-03-01,311.5
2010-04-01,311.3
2010-05-01,313.7
2010-06-01,312.9
2010-07-01,312.6
2010-08-01,314.2
2010-09-01,312.9
2010-10-01,310.9
2010-11-01,310.0
2010-12-01,310.7
2011-01-01,328.7
2011-02-01,330.6
2011-03-01,332.6
2011-04-01,336.4
2011-05-01,334.6
2011-06-01,335.9
2011-07-01,342.9
2011-08-01,334.9
2011-09-01,334.7
2011-10-01,332.6
2011-11-01,329.0
2011-12-01,332.4
2012-01-01,346.3
2012-02-01,350.9
2012-03-01,348.9
2012-04-01,351.2
2012-05-01,349.1
2012-06-01,349.7
2012-07-01,351.8
2012-08-01,351.7
2012-09-01,350.7
2012-10-01,348.8
2012-11-01,349.2
2012-12-01,349.2
2013-01-01,359.7
2013-02-01,362.9
2013-03-01,364.6
2013-04-01,365.1
2013-05-01,365.6
2013-06-01,367.0
2013-07-01,369.2
2013-08-01,364.3
2013-09-01,365.4
2013-10-01,362.8
2013-11-01,363.7
2013-12-01,363.8
2014-01-01,369.1
2014-02-01,375.7
2014-03-01,373.6
2014-04-01,378.9
2014-05-01,376.0
2014-06-01,378.5
2014-07-01,379.4
2014-08-01,376.8
2014-09-01,377.1
2014-10-01,377.5
2014-11-01,380.1
2014-12-01,378.0
2015-01-01,381.7
2015-02-01,386.9
2015-03-01,384.1
2015-04-01,386.9
2015-05-01,383.4
2015-06-01,384.1
2015-07-01,389.2
2015-08-01,386.2
2015-09-01,384.1
2015-10-01,383.2
2015-11-01,383.0
2015-12-01,383.0
2016-01-01,384.5
2016-02-01,386.5
2016-03-01,390.1
2016-04-01,387.1
2016-05-01,385.9
2016-06-01,379.2
2016-07-01,388.1
2016-08-01,385.3
2016-09-01,385.6
2016-10-01,383.9
2016-11-01,384.4
2016-12-01,387.2
2017-01-01,393.2
2017-02-01,394.2
2017-03-01,394.8
2017-04-01,402.5
2017-05-01,402.1
2017-06-01,394.6
2017-07-01,399.2
2017-08-01,395.8
2017-09-01,394.7
2017-10-01,395.7
2017-11-01,395.5
2017-12-01,394.6
2018-01-01,404.5
2018-02-01,406.3
2018-03-01,407.2
2018-04-01,406.7
2018-05-01,409.3
2018-06-01,404.6
2018-07-01,416.9
2018-08-01,411.7
2018-09-01,412.0
2018-10-01,406.1
2018-11-01,409.3
2018-12-01,408.5
2019-01-01,421.7
2019-02-01,424.9
2019-03-01,423.9
2019-04-01,433.7
2019-05-01,422.5
2019-06-01,428.5
2019-07-01,428.5
2019-08-01,426.2
2019-09-01,423.8
2019-10-01,422.7
2019-11-01,420.4
2019-12-01,424.6
2020-01-01,430.2
2020-02-01,438.8
2020-03-01,434.7
2020-04-01,444.5
2020-05-01,432.1
2020-06-01,438.7
2020-07-01,433.6
2020-08-01,432.7
2020-09-01,433.6
2020-10-01,432.5
2020-11-01,429.8
2020-12-01,434.5
2021-01-01,430.5
2021-02-01,441.2
2021-03-01,446.7
2021-04-01,459.5
2021-05-01,443.9
2021-06-01,452.5
2021-07-01,446.0
2021-08-01,447.7
2021-09-01,442.0
2021-10-01,445.7
2021-11-01,449.7
2021-12-01,451.3
2022-01-01,444.7
2022-02-01,454.4
2022-03-01,471.0
2022-04-01,477.5
2022-05-01,464.9
2022-06-01,471.6
2022-07-01,482.6
2022-08-01,482.8
2022-09-01,475.8
2022-10-01,475.8
2022-11-01,472.3
2022-12-01,478.7
2023-01-01,467.7
2023-02-01,475.1
2023-03-01,492.2
2023-04-01,497.9
2023-05-01,493.6
2023-06-01,498.8
2023-07-01,504.0
2023-08-01,504.7
2023-09-01,501.7
2023-10-01,503.5
2023-11-01,493.1
2023-12-01,495.5
2024-01-01,488.6
2024-02-01,496.1
2024-03-01,506.5
2024-04-01,517.7
2024-05-01,519.2
2024-06-01,513.1
2024-07-01,519.7
2024-08-01,514.6
2024-09-01,515.0
2024-10-01,523.4
2024-11-01,519.5
2024-12-01,519.6
2025-01-01,512.7
2025-02-01,523.4
